<?xml version="1.0" encoding="UTF-8"?>
<!DOCTYPE mapper PUBLIC "-//mybatis.org//DTD Mapper 3.0//EN" "http://mybatis.org/dtd/mybatis-3-mapper.dtd">
<mapper namespace="com.oujiong.mapper.UserMapper">
  <resultMap id="BaseResultMap" type="com.oujiong.entity.User">
    <id column="id" jdbcType="BIGINT" property="id" />
    <result column="name" jdbcType="VARCHAR" property="name" />
    <result column="sex" jdbcType="VARCHAR" property="sex" />
    <result column="age" jdbcType="INTEGER" property="age" />
    <result column="create_time" jdbcType="TIMESTAMP" property="createTime" />
    <result column="update_time" jdbcType="TIMESTAMP" property="updateTime" />
    <result column="status" jdbcType="INTEGER" property="status" />
  </resultMap>
  <sql id="Base_Column_List">
    id, name, sex, age, create_time, update_time, status
  </sql>
  <select id="selectAll"  resultMap="BaseResultMap">
    select
    <include refid="Base_Column_List" />
    from tab_user order by id
  </select>

  <insert id="insert" parameterType="com.oujiong.entity.User">
    insert into tab_user (id, name, sex,
      age, create_time, update_time,
      status)
    values (#{id,jdbcType=BIGINT}, #{name,jdbcType=VARCHAR}, #{sex,jdbcType=VARCHAR},
      #{age,jdbcType=INTEGER}, #{createTime,jdbcType=TIMESTAMP}, #{updateTime,jdbcType=TIMESTAMP},
      #{status,jdbcType=INTEGER})
  </insert>

  <insert id="insertForeach" parameterType="java.util.List" useGeneratedKeys="false">
    insert into tab_user (id, name, sex,
    age, create_time, update_time,
    status)
    values
    <foreach collection="list" item="item" index="index" separator=",">
      (#{item.id,jdbcType=BIGINT}, #{item.name,jdbcType=VARCHAR}, #{item.sex,jdbcType=VARCHAR},
      #{item.age,jdbcType=INTEGER}, #{item.createTime,jdbcType=TIMESTAMP}, #{item.updateTime,jdbcType=TIMESTAMP},
      #{item.status,jdbcType=INTEGER})
    </foreach>
  </insert>
</mapper>